ip,total_requests,unique_paths,error_rate_4xx,ua_bot_flag,avg_requests_per_minute,max_requests_per_minute,repeated_path_ratio,anomaly_score,is_anomaly
1.123.146.168,17,17,0.0,0,17.0,17,0.0,0.11592247908877429,0
1.125.30.9,78,74,0.0,0,26.0,50,0.05128205128205132,0.03036531455239233,0
1.128.111.87,1414,988,0.003536067892503536,0,47.13333333333333,203,0.30127298444130124,-0.18391573158960162,1
1.129.21.150,115,85,0.0,0,38.333333333333336,54,0.26086956521739135,-0.016328695231463075,1
1.140.208.220,68,59,0.0,0,22.666666666666668,50,0.13235294117647056,0.026185924152765327,0
1.145.188.44,12,12,0.08333333333333333,0,12.0,12,0.0,0.07583969445237548,0
1.145.26.51,32,27,0.0,0,16.0,23,0.15625,0.06795984808634814,0
1.145.51.82,167,162,0.011976047904191617,0,27.833333333333332,51,0.029940119760479056,-0.04179228621636055,1
1.145.8.37,236,213,0.0211864406779661,0,39.333333333333336,78,0.09745762711864403,-0.07281505164946234,1
1.146.106.79,23,23,0.0,0,23.0,23,0.0,0.1013300330941529,0
1.146.112.10,63,61,0.0,0,63.0,63,0.031746031746031744,-0.014396666292311622,1
1.146.121.102,41,41,0.024390243902439025,0,13.666666666666666,28,0.0,0.06212992080719515,0
1.146.248.66,1,1,0.0,1,1.0,1,0.0,0.2978596404710851,0
1.146.71.113,107,105,0.0,0,107.0,107,0.01869158878504673,-0.06723763622758805,1
1.146.78.30,1,1,0.0,0,1.0,1,0.0,0.2978596404710851,0
1.146.90.249,2,2,0.0,0,2.0,2,0.0,0.2536864300418806,0
1.147.46.136,81,71,0.0,0,81.0,81,0.12345679012345678,-0.03363052382954401,1
1.147.64.207,98,87,0.01020408163265306,0,24.5,38,0.11224489795918369,0.005719899864382261,0
1.157.159.113,15,15,0.0,0,15.0,15,0.0,0.11692026818266715,0
1.158.95.225,169,105,0.0,0,8.45,82,0.37869822485207105,-0.045022731880158706,1
1.192.192.8,2,2,0.0,0,1.0,1,0.0,0.2920792017321496,0
1.192.195.11,1,1,1.0,0,1.0,1,0.0,0.13347305958721345,0
1.192.195.8,1,1,0.0,0,1.0,1,0.0,0.2978596404710851,0
1.41.181.145,159,157,0.0,0,53.0,99,0.012578616352201255,-0.06228325265395562,1
1.92.197.140,1,1,0.0,0,1.0,1,0.0,0.2978596404710851,0
1.92.204.87,1,1,0.0,0,1.0,1,0.0,0.2978596404710851,0
100.24.149.244,3,3,0.0,1,1.0,1,0.0,0.282766981490269,0
100.24.167.60,4,4,0.0,1,1.0,1,0.0,0.2637034215537903,0
100.25.120.246,3,3,0.0,1,1.0,1,0.0,0.282766981490269,0
100.28.118.16,2,2,0.0,1,1.0,1,0.0,0.2920792017321496,0
100.28.133.214,1,1,0.0,1,1.0,1,0.0,0.2978596404710851,0
100.28.204.82,1,1,0.0,1,1.0,1,0.0,0.2978596404710851,0
100.28.44.58,2,2,0.0,1,1.0,1,0.0,0.2920792017321496,0
100.28.49.152,4,4,0.0,1,1.0,1,0.0,0.2637034215537903,0
100.29.107.38,1,1,0.0,1,1.0,1,0.0,0.2978596404710851,0
100.29.128.75,4,4,0.0,1,1.0,1,0.0,0.2637034215537903,0
100.29.155.89,1,1,0.0,1,1.0,1,0.0,0.2978596404710851,0
100.29.160.53,2,2,0.0,1,1.0,1,0.0,0.2920792017321496,0
100.29.164.178,3,3,0.0,1,1.0,1,0.0,0.282766981490269,0
100.29.34.97,3,3,0.0,1,1.0,1,0.0,0.282766981490269,0
101.115.227.72,125,123,0.008,0,125.0,125,0.016000000000000014,-0.09924852081752966,1
101.115.237.51,43,43,0.0,0,7.166666666666667,27,0.0,0.08216536876572045,0
101.181.72.120,136,136,0.0,0,45.333333333333336,84,0.0,-0.032640883181168645,1
101.185.220.206,23,23,0.0,0,23.0,23,0.0,0.1013300330941529,0
101.32.192.203,11,1,1.0,0,1.0,1,0.9090909090909091,-0.06638658722092605,1
101.33.66.34,1,1,0.0,0,1.0,1,0.0,0.2978596404710851,0
101.36.112.233,8,8,0.0,0,8.0,8,0.0,0.14503157561481345,0
101.44.160.40,1,1,0.0,0,1.0,1,0.0,0.2978596404710851,0
103.135.38.136,1,1,1.0,0,1.0,1,0.0,0.13347305958721345,0
103.35.189.35,1,1,0.0,0,1.0,1,0.0,0.2978596404710851,0
104.152.52.64,2,2,0.5,1,2.0,2,0.0,0.10633291515294052,0
104.210.140.128,1,1,0.0,1,1.0,1,0.0,0.2978596404710851,0
104.23.239.49,2,2,1.0,0,2.0,2,0.0,0.0550624105848877,0
104.28.125.2,1,1,0.0,0,1.0,1,0.0,0.2978596404710851,0
104.28.125.5,5,5,0.8,0,5.0,5,0.0,0.0154548586386829,0
104.28.35.19,1,1,0.0,1,1.0,1,0.0,0.2978596404710851,0
106.117.214.41,1,1,1.0,0,1.0,1,0.0,0.13347305958721345,0
106.70.214.233,129,121,0.007751937984496124,0,14.333333333333334,60,0.06201550387596899,-0.005682238480511637,1
106.71.202.235,23,23,0.0,0,23.0,23,0.0,0.1013300330941529,0
107.20.181.148,3,3,0.0,1,1.0,1,0.0,0.282766981490269,0
107.20.25.33,1,1,0.0,1,1.0,1,0.0,0.2978596404710851,0
107.20.255.194,1,1,0.0,1,1.0,1,0.0,0.2978596404710851,0
107.22.208.39,2,2,0.0,1,1.0,1,0.0,0.2920792017321496,0
107.23.62.75,2,2,0.0,1,1.0,1,0.0,0.2920792017321496,0
108.177.2.9,1,1,1.0,0,1.0,1,0.0,0.13347305958721345,0
110.141.253.29,23,23,0.0,0,23.0,23,0.0,0.1013300330941529,0
111.225.241.31,2,1,0.0,0,1.0,1,0.5,0.14197066039175554,0
115.130.162.30,34,34,0.0,0,17.0,28,0.0,0.09331488884949746,0
115.190.12.175,1,1,1.0,0,1.0,1,0.0,0.13347305958721345,0
116.204.102.28,1,1,0.0,0,1.0,1,0.0,0.2978596404710851,0
116.204.23.220,1,1,0.0,0,1.0,1,0.0,0.2978596404710851,0
116.204.32.255,1,1,0.0,0,1.0,1,0.0,0.2978596404710851,0
116.204.43.240,1,1,0.0,0,1.0,1,0.0,0.2978596404710851,0
116.204.7.15,1,1,0.0,0,1.0,1,0.0,0.2978596404710851,0
116.204.76.75,1,1,0.0,0,1.0,1,0.0,0.2978596404710851,0
116.255.54.62,3224,2702,0.0024813895781637717,0,23.705882352941178,124,0.1619106699751861,-0.1898920856719981,1
116.91.217.33,23,23,0.0,0,23.0,23,0.0,0.1013300330941529,0
118.102.88.136,23,23,0.0,0,23.0,23,0.0,0.1013300330941529,0
119.18.1.85,41,41,0.0,0,20.5,29,0.0,0.08630690829178156,0
119.28.177.175,1,1,0.0,0,1.0,1,0.0,0.2978596404710851,0
120.151.77.116,97,85,0.010309278350515464,0,97.0,97,0.12371134020618557,-0.061572928188295406,1
120.154.71.222,74,65,0.0,0,18.5,50,0.1216216216216216,0.039056214925010324,0
120.17.113.201,71,64,0.0,0,11.833333333333334,24,0.09859154929577463,0.04189043402997772,0
120.22.139.110,154,142,0.0,0,51.333333333333336,65,0.07792207792207795,-0.05130746450631496,1
120.239.26.111,1,1,0.0,0,1.0,1,0.0,0.2978596404710851,0
121.221.129.140,119,116,0.0,0,19.833333333333332,36,0.025210084033613467,0.004618114082808766,0
121.37.100.32,1,1,0.0,0,1.0,1,0.0,0.2978596404710851,0
121.45.166.97,38,36,0.0,0,19.0,21,0.052631578947368474,0.08010995940364418,0
122.150.220.200,18,18,0.0,0,18.0,18,0.0,0.12186915669126253,0
122.57.95.250,89,89,0.0,0,44.5,66,0.0,0.008840083880780725,0
122.8.180.67,1,1,0.0,0,1.0,1,0.0,0.2978596404710851,0
124.243.137.167,1,1,0.0,0,1.0,1,0.0,0.2978596404710851,0
124.243.170.230,1,1,0.0,0,1.0,1,0.0,0.2978596404710851,0
124.243.177.120,6,6,0.0,0,6.0,6,0.0,0.17074499606249138,0
129.226.174.80,1,1,0.0,0,1.0,1,0.0,0.2978596404710851,0
130.49.216.33,4,1,1.0,0,1.0,1,0.75,-0.03397022122729543,1
134.209.1.122,1,1,1.0,0,1.0,1,0.0,0.13347305958721345,0
135.237.124.21,1,1,1.0,0,1.0,1,0.0,0.13347305958721345,0
135.237.127.54,1,1,1.0,0,1.0,1,0.0,0.13347305958721345,0
136.243.222.140,25,25,0.0,1,1.3157894736842106,3,0.0,0.14127161054677795,0
136.243.59.237,25,25,0.04,1,1.3888888888888888,3,0.0,0.11237023953096825,0
137.184.160.249,2,2,0.0,0,2.0,2,0.0,0.2536864300418806,0
14.201.18.188,6,6,0.0,0,6.0,6,0.0,0.17074499606249138,0
14.202.102.130,82,73,0.0,0,41.0,73,0.1097560975609756,0.019917763203553096,0
141.94.76.134,1,1,0.0,0,1.0,1,0.0,0.2978596404710851,0
141.94.78.40,1,1,0.0,0,1.0,1,0.0,0.2978596404710851,0
141.94.79.3,1,1,0.0,0,1.0,1,0.0,0.2978596404710851,0
141.98.11.194,2,1,1.0,0,2.0,2,0.5,-0.01048336416877016,1
142.111.93.18,2,2,0.5,0,2.0,2,0.0,0.10633291515294052,0
144.134.27.226,25,23,0.04,0,25.0,25,0.07999999999999996,0.03199387454875047,0
145.239.87.55,1,1,0.0,0,1.0,1,0.0,0.2978596404710851,0
145.239.89.234,1,1,0.0,0,1.0,1,0.0,0.2978596404710851,0
146.190.85.10,2,1,1.0,0,2.0,2,0.5,-0.01048336416877016,1
147.185.132.192,1,1,0.0,0,1.0,1,0.0,0.2978596404710851,0
147.185.132.222,1,1,0.0,0,1.0,1,0.0,0.2978596404710851,0
148.153.56.84,6,6,1.0,0,3.0,4,0.0,0.012333876559879942,0
148.251.121.91,3,2,0.0,1,3.0,3,0.33333333333333337,0.1400533931307001,0
149.167.18.121,97,94,0.0,0,32.333333333333336,72,0.030927835051546393,0.015747846818422673,0
149.28.168.226,287,1,0.0,1,1.0,1,0.9965156794425087,-0.05666859213338171,1
155.254.61.243,2,2,0.5,0,2.0,2,0.0,0.10633291515294052,0
159.138.87.52,1,1,0.0,0,1.0,1,0.0,0.2978596404710851,0
159.138.96.226,1,1,0.0,0,1.0,1,0.0,0.2978596404710851,0
159.196.12.167,23,23,0.0,0,23.0,23,0.0,0.1013300330941529,0
159.196.168.200,123,87,0.024390243902439025,0,24.6,55,0.29268292682926833,-0.040624361153573596,1
159.196.168.99,66,58,0.015151515151515152,0,33.0,37,0.12121212121212122,0.0038505017019614396,0
159.196.169.17,4267,2229,0.005624560581204594,0,26.66875,147,0.47761893602062344,-0.21084447278980734,1
160.250.70.17,7,7,0.0,1,7.0,7,0.0,0.15784459749267354,0
162.120.184.49,1,1,0.0,0,1.0,1,0.0,0.2978596404710851,0
162.120.185.33,1,1,0.0,0,1.0,1,0.0,0.2978596404710851,0
162.62.213.187,1,1,0.0,0,1.0,1,0.0,0.2978596404710851,0
162.62.231.139,1,1,0.0,0,1.0,1,0.0,0.2978596404710851,0
163.5.148.15,1,1,1.0,0,1.0,1,0.0,0.13347305958721345,0
165.154.202.146,2,2,0.0,0,2.0,2,0.0,0.2536864300418806,0
165.154.227.23,1,1,0.0,0,1.0,1,0.0,0.2978596404710851,0
167.99.179.140,9,7,0.7777777777777778,0,9.0,9,0.2222222222222222,-0.05685282595671792,1
168.140.254.235,103,93,0.0,0,34.333333333333336,74,0.09708737864077666,0.017264776399838366,0
168.140.255.219,392,338,0.002551020408163265,0,65.33333333333333,150,0.1377551020408163,-0.12290067987190434,1
168.76.20.229,2,2,0.0,0,2.0,2,0.0,0.2536864300418806,0
168.81.237.32,1,1,0.0,0,1.0,1,0.0,0.2978596404710851,0
17.241.219.140,1,1,0.0,1,1.0,1,0.0,0.2978596404710851,0
17.241.219.202,1,1,0.0,1,1.0,1,0.0,0.2978596404710851,0
17.241.219.64,2,2,0.0,1,2.0,2,0.0,0.2536864300418806,0
17.241.219.89,1,1,0.0,1,1.0,1,0.0,0.2978596404710851,0
17.241.227.116,1,1,0.0,1,1.0,1,0.0,0.2978596404710851,0
17.241.227.159,1,1,0.0,1,1.0,1,0.0,0.2978596404710851,0
17.241.227.179,1,1,0.0,1,1.0,1,0.0,0.2978596404710851,0
17.241.227.59,2,2,0.0,1,2.0,2,0.0,0.2536864300418806,0
17.241.227.94,1,1,0.0,1,1.0,1,0.0,0.2978596404710851,0
17.241.75.200,1,1,0.0,1,1.0,1,0.0,0.2978596404710851,0
17.246.15.169,1,1,0.0,1,1.0,1,0.0,0.2978596404710851,0
17.246.15.24,1,1,0.0,1,1.0,1,0.0,0.2978596404710851,0
17.246.15.81,1,1,0.0,1,1.0,1,0.0,0.2978596404710851,0
17.246.19.66,1,1,0.0,1,1.0,1,0.0,0.2978596404710851,0
17.246.23.110,1,1,0.0,1,1.0,1,0.0,0.2978596404710851,0
17.246.23.15,1,1,0.0,1,1.0,1,0.0,0.2978596404710851,0
17.246.23.252,1,1,0.0,1,1.0,1,0.0,0.2978596404710851,0
17.246.23.44,1,1,0.0,1,1.0,1,0.0,0.2978596404710851,0
17.246.23.91,2,2,0.0,1,2.0,2,0.0,0.2536864300418806,0
17.246.23.92,1,1,0.0,1,1.0,1,0.0,0.2978596404710851,0
17.246.23.95,2,2,0.0,1,2.0,2,0.0,0.2536864300418806,0
170.106.110.146,1,1,0.0,0,1.0,1,0.0,0.2978596404710851,0
170.106.113.235,1,1,0.0,0,1.0,1,0.0,0.2978596404710851,0
170.106.140.110,1,1,0.0,0,1.0,1,0.0,0.2978596404710851,0
170.106.165.186,1,1,0.0,0,1.0,1,0.0,0.2978596404710851,0
172.177.30.160,114,114,1.0,0,38.0,43,0.0,-0.09329154307644238,1
172.207.189.235,136,129,1.0,0,136.0,136,0.05147058823529416,-0.15833292368744578,1
172.225.63.75,1,1,0.0,1,1.0,1,0.0,0.2978596404710851,0
172.64.192.93,1,1,1.0,0,1.0,1,0.0,0.13347305958721345,0
172.68.186.78,1,1,1.0,0,1.0,1,0.0,0.13347305958721345,0
172.69.224.92,1,1,1.0,0,1.0,1,0.0,0.13347305958721345,0
172.70.162.71,1,1,1.0,0,1.0,1,0.0,0.13347305958721345,0
172.71.144.49,1,1,1.0,0,1.0,1,0.0,0.13347305958721345,0
172.71.178.148,1,1,1.0,0,1.0,1,0.0,0.13347305958721345,0
173.252.107.1,2,2,0.0,0,1.0,1,0.0,0.2920792017321496,0
173.252.107.113,2,1,0.0,0,2.0,2,0.5,0.12016450987827548,0
173.252.107.114,1,1,0.0,0,1.0,1,0.0,0.2978596404710851,0
173.252.107.115,1,1,0.0,1,1.0,1,0.0,0.2978596404710851,0
173.252.107.116,1,1,0.0,1,1.0,1,0.0,0.2978596404710851,0
173.252.107.125,1,1,0.0,0,1.0,1,0.0,0.2978596404710851,0
173.252.107.2,2,2,0.0,0,2.0,2,0.0,0.2536864300418806,0
173.252.107.3,1,1,0.0,1,1.0,1,0.0,0.2978596404710851,0
173.252.107.32,1,1,0.0,0,1.0,1,0.0,0.2978596404710851,0
173.252.107.35,2,2,0.0,0,2.0,2,0.0,0.2536864300418806,0
173.252.107.39,1,1,0.0,0,1.0,1,0.0,0.2978596404710851,0
173.252.107.5,1,1,0.0,0,1.0,1,0.0,0.2978596404710851,0
173.252.107.6,1,1,0.0,0,1.0,1,0.0,0.2978596404710851,0
173.252.107.7,1,1,0.0,0,1.0,1,0.0,0.2978596404710851,0
173.252.107.9,1,1,0.0,1,1.0,1,0.0,0.2978596404710851,0
173.252.127.0,14,14,0.0,0,14.0,14,0.0,0.12527078515132628,0
173.252.127.113,4,4,0.0,0,4.0,4,0.0,0.20817451733493403,0
173.252.127.12,8,6,0.0,0,8.0,8,0.25,0.07376292359035719,0
173.252.127.59,1,1,0.0,0,1.0,1,0.0,0.2978596404710851,0
173.252.70.11,12,12,0.0,0,12.0,12,0.0,0.12473125371806348,0
173.252.70.114,1,1,0.0,0,1.0,1,0.0,0.2978596404710851,0
173.252.70.25,1,1,0.0,0,1.0,1,0.0,0.2978596404710851,0
173.252.70.28,26,24,0.0,0,13.0,14,0.07692307692307687,0.08853472641700078,0
173.252.70.8,1,1,0.0,0,1.0,1,0.0,0.2978596404710851,0
173.252.79.1,2,2,0.0,1,1.0,1,0.0,0.2920792017321496,0
173.252.79.10,1,1,0.0,0,1.0,1,0.0,0.2978596404710851,0
173.252.79.112,1,1,0.0,0,1.0,1,0.0,0.2978596404710851,0
173.252.79.114,1,1,0.0,0,1.0,1,0.0,0.2978596404710851,0
173.252.79.115,1,1,0.0,0,1.0,1,0.0,0.2978596404710851,0
173.252.79.2,1,1,0.0,0,1.0,1,0.0,0.2978596404710851,0
173.252.79.4,1,1,0.0,0,1.0,1,0.0,0.2978596404710851,0
173.252.79.5,1,1,0.0,0,1.0,1,0.0,0.2978596404710851,0
173.252.79.7,1,1,0.0,0,1.0,1,0.0,0.2978596404710851,0
173.252.79.8,1,1,0.0,0,1.0,1,0.0,0.2978596404710851,0
173.252.82.10,4,1,0.0,0,2.0,3,0.75,0.07291984777570537,0
173.252.82.113,3,1,0.0,0,3.0,3,0.6666666666666667,0.08505994159932118,0
173.252.82.13,3,1,0.0,0,3.0,3,0.6666666666666667,0.08505994159932118,0
173.252.82.19,3,1,0.0,0,1.5,2,0.6666666666666667,0.09092893321461071,0
173.252.82.22,2,1,0.0,0,2.0,2,0.5,0.12016450987827548,0
173.252.82.23,1,1,0.0,0,1.0,1,0.0,0.2978596404710851,0
173.252.82.26,1,1,0.0,0,1.0,1,0.0,0.2978596404710851,0
173.252.82.3,1,1,0.0,0,1.0,1,0.0,0.2978596404710851,0
173.252.82.5,1,1,0.0,0,1.0,1,0.0,0.2978596404710851,0
173.252.82.9,1,1,0.0,0,1.0,1,0.0,0.2978596404710851,0
173.252.83.1,1,1,0.0,0,1.0,1,0.0,0.2978596404710851,0
173.252.83.113,1,1,0.0,0,1.0,1,0.0,0.2978596404710851,0
173.252.83.13,1,1,0.0,0,1.0,1,0.0,0.2978596404710851,0
173.252.83.14,1,1,0.0,0,1.0,1,0.0,0.2978596404710851,0
173.252.83.19,1,1,0.0,0,1.0,1,0.0,0.2978596404710851,0
173.252.83.20,1,1,0.0,0,1.0,1,0.0,0.2978596404710851,0
173.252.83.3,1,1,0.0,0,1.0,1,0.0,0.2978596404710851,0
173.252.83.4,1,1,0.0,0,1.0,1,0.0,0.2978596404710851,0
173.252.83.6,1,1,0.0,0,1.0,1,0.0,0.2978596404710851,0
173.252.83.9,1,1,0.0,1,1.0,1,0.0,0.2978596404710851,0
173.252.87.25,1,1,0.0,0,1.0,1,0.0,0.2978596404710851,0
173.252.87.26,1,1,0.0,0,1.0,1,0.0,0.2978596404710851,0
173.252.87.3,1,1,0.0,0,1.0,1,0.0,0.2978596404710851,0
173.252.87.33,2,2,0.0,0,1.0,1,0.0,0.2920792017321496,0
173.252.87.44,1,1,0.0,1,1.0,1,0.0,0.2978596404710851,0
173.252.87.48,1,1,0.0,0,1.0,1,0.0,0.2978596404710851,0
173.252.87.58,1,1,0.0,0,1.0,1,0.0,0.2978596404710851,0
173.252.95.1,3,3,0.0,0,3.0,3,0.0,0.23249568143918747,0
173.252.95.10,2,1,0.0,0,1.0,1,0.5,0.14197066039175554,0
173.252.95.112,5,4,0.0,0,2.5,3,0.19999999999999996,0.15708436466472253,0
173.252.95.113,4,4,0.0,0,4.0,4,0.0,0.20817451733493403,0
173.252.95.114,5,5,0.0,0,2.5,4,0.0,0.20293567017177505,0
173.252.95.115,1,1,0.0,0,1.0,1,0.0,0.2978596404710851,0
173.252.95.116,5,4,0.0,0,2.5,3,0.19999999999999996,0.15708436466472253,0
173.252.95.15,4,4,0.0,0,2.0,3,0.0,0.2409658235892928,0
173.252.95.17,1,1,0.0,0,1.0,1,0.0,0.2978596404710851,0
173.252.95.18,4,3,0.0,0,2.0,3,0.25,0.16188433944625852,0
173.252.95.2,24,23,0.0,1,8.0,18,0.04166666666666663,0.10198740364003467,0
173.252.95.22,2,2,0.0,0,1.0,1,0.0,0.2920792017321496,0
173.252.95.29,7,4,0.0,0,3.5,4,0.4285714285714286,0.08748314781877897,0
173.252.95.3,4,4,0.0,0,2.0,2,0.0,0.24268551157295082,0
173.252.95.31,4,4,0.0,0,2.0,2,0.0,0.24268551157295082,0
173.252.95.33,5,5,0.0,0,1.25,2,0.0,0.2320031090742462,0
173.252.95.34,3,3,0.0,0,1.5,2,0.0,0.24871522115351596,0
173.252.95.35,4,4,0.0,0,1.3333333333333333,2,0.0,0.24708965239845998,0
173.252.95.36,1,1,0.0,0,1.0,1,0.0,0.2978596404710851,0
173.252.95.39,3,3,0.0,0,1.5,2,0.0,0.24871522115351596,0
173.252.95.4,3,2,0.0,0,1.5,2,0.33333333333333337,0.1433648763708789,0
173.252.95.40,6,6,0.0,0,3.0,3,0.0,0.21613136816694456,0
173.252.95.41,4,4,0.0,0,4.0,4,0.0,0.20817451733493403,0
173.252.95.45,3,2,0.0,0,1.5,2,0.33333333333333337,0.1433648763708789,0
173.252.95.5,2,2,0.0,0,1.0,1,0.0,0.2920792017321496,0
173.252.95.6,4,3,0.0,0,2.0,3,0.25,0.16188433944625852,0
173.252.95.7,3,3,0.0,0,3.0,3,0.0,0.23249568143918747,0
173.252.95.8,1,1,0.0,0,1.0,1,0.0,0.2978596404710851,0
173.252.95.9,4,3,0.0,0,2.0,3,0.25,0.16188433944625852,0
175.33.56.224,104,103,0.0,0,26.0,76,0.009615384615384581,0.01214586519403038,0
175.34.79.153,85,75,0.0,0,42.5,67,0.11764705882352944,0.020100067745417727,0
175.38.87.137,34,33,0.029411764705882353,0,8.5,17,0.02941176470588236,0.06720273882871275,0
18.136.193.236,1,1,0.0,1,1.0,1,0.0,0.2978596404710851,0
18.140.62.139,1,1,0.0,0,1.0,1,0.0,0.2978596404710851,0
18.204.152.114,4,4,0.0,1,1.0,1,0.0,0.2637034215537903,0
18.205.127.11,3,3,0.0,1,1.0,1,0.0,0.282766981490269,0
18.205.213.231,1,1,0.0,1,1.0,1,0.0,0.2978596404710851,0
18.205.91.101,2,2,0.0,1,1.0,1,0.0,0.2920792017321496,0
18.206.47.187,1,1,0.0,1,1.0,1,0.0,0.2978596404710851,0
18.207.79.144,1,1,0.0,1,1.0,1,0.0,0.2978596404710851,0
18.207.89.138,1,1,0.0,1,1.0,1,0.0,0.2978596404710851,0
18.208.11.93,2,2,0.0,1,1.0,1,0.0,0.2920792017321496,0
18.209.137.234,3,3,0.0,1,1.0,1,0.0,0.282766981490269,0
18.209.201.119,2,2,0.0,1,1.0,1,0.0,0.2920792017321496,0
18.210.58.238,2,2,0.0,1,1.0,1,0.0,0.2920792017321496,0
18.211.148.239,3,3,0.0,1,1.0,1,0.0,0.282766981490269,0
18.211.39.188,1,1,0.0,1,1.0,1,0.0,0.2978596404710851,0
18.213.102.186,4,4,0.0,1,1.0,1,0.0,0.2637034215537903,0
18.213.240.226,2,2,0.0,1,1.0,1,0.0,0.2920792017321496,0
18.213.70.100,1,1,0.0,1,1.0,1,0.0,0.2978596404710851,0
18.214.124.6,3,3,0.0,1,1.0,1,0.0,0.282766981490269,0
18.214.138.148,2,2,0.0,1,1.0,1,0.0,0.2920792017321496,0
18.214.238.178,2,2,0.0,1,1.0,1,0.0,0.2920792017321496,0
18.214.251.19,2,2,0.0,1,1.0,1,0.0,0.2920792017321496,0
18.215.112.101,3,3,0.0,1,1.0,1,0.0,0.282766981490269,0
18.215.49.176,2,2,0.0,1,1.0,1,0.0,0.2920792017321496,0
18.232.12.157,1,1,0.0,1,1.0,1,0.0,0.2978596404710851,0
18.232.36.1,1,1,0.0,1,1.0,1,0.0,0.2978596404710851,0
18.233.24.238,2,2,0.0,1,1.0,1,0.0,0.2920792017321496,0
18.235.158.19,2,2,0.0,1,1.0,1,0.0,0.2920792017321496,0
18.235.81.246,1,1,0.0,1,1.0,1,0.0,0.2978596404710851,0
18.97.9.96,1,1,0.0,1,1.0,1,0.0,0.2978596404710851,0
18.97.9.98,2,2,0.0,1,1.0,1,0.0,0.2920792017321496,0
180.153.236.154,1,1,0.0,1,1.0,1,0.0,0.2978596404710851,0
180.153.236.228,1,1,0.0,1,1.0,1,0.0,0.2978596404710851,0
180.153.236.25,1,1,0.0,1,1.0,1,0.0,0.2978596404710851,0
180.153.236.74,1,1,0.0,1,1.0,1,0.0,0.2978596404710851,0
182.42.111.213,1,1,0.0,0,1.0,1,0.0,0.2978596404710851,0
184.72.84.154,1,1,0.0,1,1.0,1,0.0,0.2978596404710851,0
184.72.95.195,1,1,0.0,1,1.0,1,0.0,0.2978596404710851,0
184.73.167.217,1,1,0.0,1,1.0,1,0.0,0.2978596404710851,0
184.73.195.18,1,1,0.0,1,1.0,1,0.0,0.2978596404710851,0
184.73.239.35,1,1,0.0,1,1.0,1,0.0,0.2978596404710851,0
184.73.35.182,2,2,0.0,1,1.0,1,0.0,0.2920792017321496,0
184.73.68.20,1,1,0.0,1,1.0,1,0.0,0.2978596404710851,0
185.226.196.5,1,1,0.0,0,1.0,1,0.0,0.2978596404710851,0
185.226.197.24,1,1,1.0,0,1.0,1,0.0,0.13347305958721345,0
192.178.6.1,28,27,0.0,1,1.3333333333333333,2,0.0357142857142857,0.09408075672307659,0
192.178.6.8,39,38,0.0,1,1.3,3,0.02564102564102566,0.08875002870956639,0
192.178.6.9,34,34,0.029411764705882353,1,1.36,3,0.0,0.09535948362264346,0
193.148.18.52,7,7,0.0,0,7.0,7,0.0,0.15784459749267354,0
195.178.110.201,34,20,0.7647058823529411,0,17.0,33,0.4117647058823529,-0.07825357657778353,1
195.24.236.75,1,1,0.0,0,1.0,1,0.0,0.2978596404710851,0
198.235.24.136,1,1,0.0,0,1.0,1,0.0,0.2978596404710851,0
198.235.24.138,1,1,0.0,0,1.0,1,0.0,0.2978596404710851,0
199.45.155.78,3,3,0.0,0,3.0,3,0.0,0.23249568143918747,0
199.45.155.94,4,4,0.25,0,2.0,3,0.0,0.14991407686829933,0
20.15.133.160,1,1,0.0,1,1.0,1,0.0,0.2978596404710851,0
20.15.133.165,1,1,0.0,1,1.0,1,0.0,0.2978596404710851,0
20.171.28.177,1,1,0.0,0,1.0,1,0.0,0.2978596404710851,0
20.65.194.160,1,1,1.0,0,1.0,1,0.0,0.13347305958721345,0
202.7.205.132,18,18,0.0,0,18.0,18,0.0,0.12186915669126253,0
203.219.219.132,12,12,0.0,0,12.0,12,0.0,0.12473125371806348,0
203.56.128.216,143,140,0.0,0,143.0,143,0.020979020979020935,-0.1193196893396552,1
203.56.157.18,8,2,1.0,0,2.0,2,0.75,-0.06473612648746441,1
203.63.123.190,94,94,0.0,0,94.0,94,0.0,-0.05356546109075411,1
205.210.31.145,1,1,0.0,0,1.0,1,0.0,0.2978596404710851,0
205.210.31.172,1,1,0.0,0,1.0,1,0.0,0.2978596404710851,0
207.154.228.110,1,1,0.0,0,1.0,1,0.0,0.2978596404710851,0
210.50.180.204,32,30,0.0,0,32.0,32,0.0625,0.04543029079922134,0
210.50.82.254,147,141,0.0,0,29.4,55,0.04081632653061229,-0.026755609218667598,1
211.26.114.119,50,50,0.0,0,16.666666666666668,23,0.0,0.07428009620447018,0
212.56.53.119,15,15,1.0,0,15.0,15,0.0,-0.03626026885705358,1
213.21.239.4,83,72,1.0,0,83.0,83,0.1325301204819277,-0.11703466914398919,1
216.244.66.246,397,366,0.0,1,2.2685714285714287,10,0.07808564231738035,-0.0723316517808914,1
219.89.160.166,40,20,0.0,0,40.0,40,0.5,-0.039927838646868,1
220.244.104.63,24,24,0.0,0,24.0,24,0.0,0.09770094918635774,0
23.20.178.124,1,1,0.0,1,1.0,1,0.0,0.2978596404710851,0
23.21.148.226,2,2,0.0,1,1.0,1,0.0,0.2920792017321496,0
23.21.175.228,3,3,0.0,1,1.0,1,0.0,0.282766981490269,0
23.21.179.27,1,1,0.0,1,1.0,1,0.0,0.2978596404710851,0
23.21.204.95,2,2,0.0,1,1.0,1,0.0,0.2920792017321496,0
23.21.225.190,1,1,0.0,1,1.0,1,0.0,0.2978596404710851,0
23.21.228.180,1,1,0.0,1,1.0,1,0.0,0.2978596404710851,0
23.21.250.48,1,1,0.0,1,1.0,1,0.0,0.2978596404710851,0
23.22.105.143,2,2,0.0,1,1.0,1,0.0,0.2920792017321496,0
23.22.59.87,1,1,0.0,1,1.0,1,0.0,0.2978596404710851,0
23.23.180.225,2,2,0.0,1,1.0,1,0.0,0.2920792017321496,0
23.23.212.212,2,2,0.0,1,1.0,1,0.0,0.2920792017321496,0
23.23.213.182,1,1,0.0,1,1.0,1,0.0,0.2978596404710851,0
23.23.214.190,1,1,0.0,1,1.0,1,0.0,0.2978596404710851,0
23.23.99.55,1,1,0.0,1,1.0,1,0.0,0.2978596404710851,0
24.239.128.69,114,108,0.008771929824561403,0,22.8,76,0.052631578947368474,0.0018940794935039529,0
3.130.192.231,13,1,0.0,0,1.625,4,0.9230769230769231,0.01958730874223913,0
3.131.215.38,1,1,0.0,0,1.0,1,0.0,0.2978596404710851,0
3.143.33.63,3,1,0.6666666666666666,0,1.5,2,0.6666666666666667,-0.02242344732905044,1
3.18.12.63,17,1,0.0,0,1.8888888888888888,3,0.9411764705882353,0.018171463717314595,0
3.208.146.193,2,2,0.0,1,1.0,1,0.0,0.2920792017321496,0
3.208.156.9,1,1,0.0,1,1.0,1,0.0,0.2978596404710851,0
3.209.174.110,5,5,0.0,1,1.25,2,0.0,0.2320031090742462,0
3.210.114.189,1,1,0.0,1,1.0,1,0.0,0.2978596404710851,0
3.210.223.61,1,1,0.0,1,1.0,1,0.0,0.2978596404710851,0
3.211.105.134,2,2,0.0,1,1.0,1,0.0,0.2920792017321496,0
3.212.205.90,4,4,0.0,1,1.0,1,0.0,0.2637034215537903,0
3.212.219.113,2,2,0.0,1,1.0,1,0.0,0.2920792017321496,0
3.212.86.97,1,1,0.0,1,1.0,1,0.0,0.2978596404710851,0
3.213.106.226,5,5,0.0,1,1.25,2,0.0,0.2320031090742462,0
3.213.213.161,1,1,0.0,1,1.0,1,0.0,0.2978596404710851,0
3.213.85.234,2,2,0.0,1,1.0,1,0.0,0.2920792017321496,0
3.214.176.44,1,1,0.0,1,1.0,1,0.0,0.2978596404710851,0
3.215.221.125,4,4,0.0,1,1.0,1,0.0,0.2637034215537903,0
3.215.59.93,1,1,0.0,1,1.0,1,0.0,0.2978596404710851,0
3.216.13.10,2,2,0.0,1,1.0,1,0.0,0.2920792017321496,0
3.216.86.144,1,1,0.0,1,1.0,1,0.0,0.2978596404710851,0
3.217.82.254,2,2,0.0,1,1.0,1,0.0,0.2920792017321496,0
3.218.103.254,4,4,0.0,1,1.0,1,0.0,0.2637034215537903,0
3.219.80.71,1,1,0.0,1,1.0,1,0.0,0.2978596404710851,0
3.219.81.66,2,2,0.0,1,1.0,1,0.0,0.2920792017321496,0
3.220.148.166,1,1,0.0,1,1.0,1,0.0,0.2978596404710851,0
3.220.70.171,1,1,0.0,1,1.0,1,0.0,0.2978596404710851,0
3.221.222.168,2,2,0.0,1,1.0,1,0.0,0.2920792017321496,0
3.221.244.28,2,2,0.0,1,1.0,1,0.0,0.2920792017321496,0
3.221.50.71,3,3,0.0,1,1.0,1,0.0,0.282766981490269,0
3.222.190.107,2,2,0.0,1,1.0,1,0.0,0.2920792017321496,0
3.223.181.32,1,1,0.0,1,1.0,1,0.0,0.2978596404710851,0
3.224.104.67,1,1,0.0,1,1.0,1,0.0,0.2978596404710851,0
3.224.205.25,3,3,0.0,1,1.0,1,0.0,0.282766981490269,0
3.224.215.150,2,2,0.0,1,1.0,1,0.0,0.2920792017321496,0
3.225.45.252,4,4,0.0,1,1.0,1,0.0,0.2637034215537903,0
3.225.9.97,3,3,0.0,1,1.0,1,0.0,0.282766981490269,0
3.226.106.93,1,1,0.0,1,1.0,1,0.0,0.2978596404710851,0
3.226.34.98,1,1,0.0,1,1.0,1,0.0,0.2978596404710851,0
3.227.180.70,1,1,0.0,1,1.0,1,0.0,0.2978596404710851,0
3.229.164.203,2,2,0.0,1,1.0,1,0.0,0.2920792017321496,0
3.229.95.193,1,1,0.0,1,1.0,1,0.0,0.2978596404710851,0
3.230.224.6,2,2,0.0,1,1.0,1,0.0,0.2920792017321496,0
3.230.69.161,2,2,0.0,1,1.0,1,0.0,0.2920792017321496,0
3.231.193.38,1,1,0.0,1,1.0,1,0.0,0.2978596404710851,0
3.232.102.111,1,1,0.0,1,1.0,1,0.0,0.2978596404710851,0
3.232.39.98,1,1,0.0,1,1.0,1,0.0,0.2978596404710851,0
3.89.176.255,1,1,0.0,1,1.0,1,0.0,0.2978596404710851,0
3.90.73.206,4,4,0.0,1,1.0,1,0.0,0.2637034215537903,0
3.93.211.16,4,4,0.0,1,1.0,1,0.0,0.2637034215537903,0
3.93.253.174,5,5,0.0,1,1.0,1,0.0,0.23717042654477638,0
3.93.98.99,1,1,0.0,1,1.0,1,0.0,0.2978596404710851,0
3.94.156.104,5,5,0.0,1,1.25,2,0.0,0.2320031090742462,0
31.13.103.112,2,2,0.0,0,1.0,1,0.0,0.2920792017321496,0
31.13.103.116,1,1,0.0,0,1.0,1,0.0,0.2978596404710851,0
31.13.103.21,1,1,0.0,0,1.0,1,0.0,0.2978596404710851,0
31.13.103.30,2,2,0.0,0,1.0,1,0.0,0.2920792017321496,0
31.13.103.52,1,1,0.0,0,1.0,1,0.0,0.2978596404710851,0
31.13.103.6,1,1,0.0,1,1.0,1,0.0,0.2978596404710851,0
31.13.115.10,9,7,0.0,0,3.0,5,0.2222222222222222,0.113343364224676,0
31.13.115.112,1,1,0.0,0,1.0,1,0.0,0.2978596404710851,0
31.13.115.114,1,1,0.0,0,1.0,1,0.0,0.2978596404710851,0
31.13.115.124,1,1,0.0,0,1.0,1,0.0,0.2978596404710851,0
31.13.115.13,1,1,0.0,0,1.0,1,0.0,0.2978596404710851,0
31.13.115.17,12,12,0.0,0,12.0,12,0.0,0.12473125371806348,0
31.13.115.19,1,1,0.0,0,1.0,1,0.0,0.2978596404710851,0
31.13.115.20,13,13,0.0,0,6.5,12,0.0,0.14188147024933684,0
31.13.115.4,1,1,0.0,0,1.0,1,0.0,0.2978596404710851,0
31.13.115.9,1,1,0.0,0,1.0,1,0.0,0.2978596404710851,0
31.13.127.115,30,28,0.0,0,15.0,18,0.06666666666666665,0.08319757381925907,0
31.13.127.29,1,1,0.0,0,1.0,1,0.0,0.2978596404710851,0
31.13.127.5,1,1,0.0,0,1.0,1,0.0,0.2978596404710851,0
31.131.8.47,1,1,0.0,0,1.0,1,0.0,0.2978596404710851,0
31.23.36.230,1,1,0.0,0,1.0,1,0.0,0.2978596404710851,0
34.126.116.241,7,1,0.2857142857142857,1,2.3333333333333335,3,0.8571428571428572,-0.03140492797873118,1
34.147.22.160,1,1,0.0,0,1.0,1,0.0,0.2978596404710851,0
34.19.103.248,38,18,0.8947368421052632,0,38.0,38,0.5263157894736843,-0.10644308166144767,1
34.193.2.57,4,4,0.0,1,1.0,1,0.0,0.2637034215537903,0
34.194.165.45,1,1,0.0,1,1.0,1,0.0,0.2978596404710851,0
34.194.226.74,3,3,0.0,1,1.0,1,0.0,0.282766981490269,0
34.194.233.48,2,2,0.0,1,1.0,1,0.0,0.2920792017321496,0
34.194.95.99,1,1,0.0,1,1.0,1,0.0,0.2978596404710851,0
34.195.248.30,2,2,0.0,1,1.0,1,0.0,0.2920792017321496,0
34.195.60.66,1,1,0.0,1,1.0,1,0.0,0.2978596404710851,0
34.196.114.170,2,2,0.0,1,1.0,1,0.0,0.2920792017321496,0
34.196.237.236,2,2,0.0,1,1.0,1,0.0,0.2920792017321496,0
34.196.6.199,3,3,0.0,1,1.0,1,0.0,0.282766981490269,0
34.203.111.15,4,4,0.0,1,1.0,1,0.0,0.2637034215537903,0
34.204.150.196,1,1,0.0,1,1.0,1,0.0,0.2978596404710851,0
34.205.163.103,3,3,0.0,1,1.0,1,0.0,0.282766981490269,0
34.206.193.60,3,3,0.0,1,1.0,1,0.0,0.282766981490269,0
34.206.212.24,3,3,0.0,1,1.0,1,0.0,0.282766981490269,0
34.206.249.188,1,1,0.0,1,1.0,1,0.0,0.2978596404710851,0
34.224.132.215,1,1,0.0,1,1.0,1,0.0,0.2978596404710851,0
34.224.9.144,1,1,0.0,1,1.0,1,0.0,0.2978596404710851,0
34.225.24.180,3,3,0.0,1,1.0,1,0.0,0.282766981490269,0
34.225.243.131,1,1,0.0,1,1.0,1,0.0,0.2978596404710851,0
34.225.87.80,2,2,0.0,1,1.0,1,0.0,0.2920792017321496,0
34.226.89.140,2,2,0.0,1,1.0,1,0.0,0.2920792017321496,0
34.227.234.246,1,1,0.0,1,1.0,1,0.0,0.2978596404710851,0
34.230.124.21,1,1,0.0,1,1.0,1,0.0,0.2978596404710851,0
34.231.118.144,1,1,0.0,1,1.0,1,0.0,0.2978596404710851,0
34.231.156.59,2,2,0.0,1,1.0,1,0.0,0.2920792017321496,0
34.231.181.240,1,1,0.0,1,1.0,1,0.0,0.2978596404710851,0
34.231.45.47,3,3,0.0,1,1.0,1,0.0,0.282766981490269,0
34.231.77.232,1,1,0.0,1,1.0,1,0.0,0.2978596404710851,0
34.233.114.237,1,1,0.0,1,1.0,1,0.0,0.2978596404710851,0
34.233.219.155,4,4,0.0,1,1.0,1,0.0,0.2637034215537903,0
34.234.200.207,2,2,0.0,1,1.0,1,0.0,0.2920792017321496,0
34.235.239.240,2,2,0.0,1,1.0,1,0.0,0.2920792017321496,0
34.236.135.14,2,2,0.0,1,1.0,1,0.0,0.2920792017321496,0
34.236.185.101,3,3,0.0,1,1.0,1,0.0,0.282766981490269,0
34.236.41.241,1,1,0.0,1,1.0,1,0.0,0.2978596404710851,0
34.238.45.183,2,2,0.0,1,1.0,1,0.0,0.2920792017321496,0
34.239.197.197,3,3,0.0,1,1.0,1,0.0,0.282766981490269,0
35.153.86.200,3,3,0.0,1,1.0,1,0.0,0.282766981490269,0
35.168.238.50,2,2,0.0,1,1.0,1,0.0,0.2920792017321496,0
35.169.102.85,2,2,0.0,1,1.0,1,0.0,0.2920792017321496,0
35.169.119.108,3,3,0.0,1,1.0,1,0.0,0.282766981490269,0
35.169.240.53,4,4,0.0,1,1.0,1,0.0,0.2637034215537903,0
35.171.117.160,1,1,0.0,1,1.0,1,0.0,0.2978596404710851,0
35.172.125.172,3,3,0.0,1,1.0,1,0.0,0.282766981490269,0
35.173.18.61,2,2,0.0,1,1.0,1,0.0,0.2920792017321496,0
35.173.38.202,2,2,0.0,1,1.0,1,0.0,0.2920792017321496,0
35.174.141.243,1,1,0.0,1,1.0,1,0.0,0.2978596404710851,0
35.174.253.85,2,2,0.0,1,1.0,1,0.0,0.2920792017321496,0
4.189.168.224,123,123,1.0,0,61.5,68,0.0,-0.10573134675145224,1
4.206.54.177,125,125,1.0,0,62.5,65,0.0,-0.10611402094759625,1
4.233.92.206,128,128,1.0,0,42.666666666666664,64,0.0,-0.10021488366714615,1
4.241.184.63,123,123,1.0,0,41.0,80,0.0,-0.09757288721881863,1
4.251.107.128,128,128,1.0,0,42.666666666666664,60,0.0,-0.09877951409902475,1
40.77.167.1,1,1,0.0,1,1.0,1,0.0,0.2978596404710851,0
40.77.167.101,1,1,0.0,1,1.0,1,0.0,0.2978596404710851,0
40.77.167.123,1,1,0.0,1,1.0,1,0.0,0.2978596404710851,0
40.77.167.13,1,1,0.0,1,1.0,1,0.0,0.2978596404710851,0
40.77.167.130,2,2,0.0,1,1.0,1,0.0,0.2920792017321496,0
40.77.167.132,1,1,0.0,1,1.0,1,0.0,0.2978596404710851,0
40.77.167.143,1,1,0.0,1,1.0,1,0.0,0.2978596404710851,0
40.77.167.144,1,1,1.0,1,1.0,1,0.0,0.13347305958721345,0
40.77.167.15,1,1,0.0,1,1.0,1,0.0,0.2978596404710851,0
40.77.167.151,6,6,0.3333333333333333,1,1.5,3,0.0,0.11128885397376143,0
40.77.167.152,1,1,1.0,1,1.0,1,0.0,0.13347305958721345,0
40.77.167.156,1,1,1.0,1,1.0,1,0.0,0.13347305958721345,0
40.77.167.159,2,2,0.0,1,1.0,1,0.0,0.2920792017321496,0
40.77.167.16,1,1,0.0,1,1.0,1,0.0,0.2978596404710851,0
40.77.167.2,1,1,1.0,1,1.0,1,0.0,0.13347305958721345,0
40.77.167.20,2,2,0.0,1,1.0,1,0.0,0.2920792017321496,0
40.77.167.22,1,1,0.0,1,1.0,1,0.0,0.2978596404710851,0
40.77.167.235,1,1,1.0,1,1.0,1,0.0,0.13347305958721345,0
40.77.167.241,1,1,0.0,1,1.0,1,0.0,0.2978596404710851,0
40.77.167.247,1,1,0.0,1,1.0,1,0.0,0.2978596404710851,0
40.77.167.25,1,1,0.0,1,1.0,1,0.0,0.2978596404710851,0
40.77.167.3,1,1,0.0,1,1.0,1,0.0,0.2978596404710851,0
40.77.167.41,1,1,0.0,1,1.0,1,0.0,0.2978596404710851,0
40.77.167.47,1,1,0.0,1,1.0,1,0.0,0.2978596404710851,0
40.77.167.48,1,1,0.0,1,1.0,1,0.0,0.2978596404710851,0
40.77.167.52,1,1,0.0,1,1.0,1,0.0,0.2978596404710851,0
40.77.167.55,1,1,0.0,1,1.0,1,0.0,0.2978596404710851,0
40.77.167.56,7,7,0.0,1,3.5,5,0.0,0.1881659174964394,0
40.77.167.57,1,1,1.0,1,1.0,1,0.0,0.13347305958721345,0
40.77.167.58,1,1,0.0,1,1.0,1,0.0,0.2978596404710851,0
40.77.167.6,2,2,0.0,1,1.0,1,0.0,0.2920792017321496,0
40.77.167.61,1,1,1.0,1,1.0,1,0.0,0.13347305958721345,0
40.77.167.62,1,1,0.0,1,1.0,1,0.0,0.2978596404710851,0
40.77.167.70,1,1,0.0,1,1.0,1,0.0,0.2978596404710851,0
40.77.167.71,1,1,1.0,1,1.0,1,0.0,0.13347305958721345,0
40.77.167.74,1,1,0.0,1,1.0,1,0.0,0.2978596404710851,0
40.77.167.77,4,4,0.5,1,1.0,1,0.0,0.10653699359410251,0
40.77.167.79,1,1,0.0,1,1.0,1,0.0,0.2978596404710851,0
40.88.21.235,2,2,0.0,1,2.0,2,0.0,0.2536864300418806,0
43.128.149.102,2,2,0.0,0,1.0,1,0.0,0.2920792017321496,0
43.128.156.124,1,1,0.0,0,1.0,1,0.0,0.2978596404710851,0
43.130.105.21,1,1,0.0,0,1.0,1,0.0,0.2978596404710851,0
43.130.31.17,2,2,0.0,0,1.0,1,0.0,0.2920792017321496,0
43.131.23.154,1,1,0.0,0,1.0,1,0.0,0.2978596404710851,0
43.131.26.226,2,2,0.0,0,1.0,1,0.0,0.2920792017321496,0
43.131.39.179,1,1,0.0,0,1.0,1,0.0,0.2978596404710851,0
43.133.139.6,1,1,0.0,0,1.0,1,0.0,0.2978596404710851,0
43.133.253.253,1,1,0.0,0,1.0,1,0.0,0.2978596404710851,0
43.135.133.241,1,1,0.0,0,1.0,1,0.0,0.2978596404710851,0
43.135.134.127,1,1,0.0,0,1.0,1,0.0,0.2978596404710851,0
43.135.142.37,1,1,0.0,0,1.0,1,0.0,0.2978596404710851,0
43.135.148.92,1,1,0.0,0,1.0,1,0.0,0.2978596404710851,0
43.135.183.82,2,2,0.0,0,1.0,1,0.0,0.2920792017321496,0
43.153.122.30,1,1,0.0,0,1.0,1,0.0,0.2978596404710851,0
43.153.123.3,1,1,0.0,0,1.0,1,0.0,0.2978596404710851,0
43.153.54.138,1,1,1.0,0,1.0,1,0.0,0.13347305958721345,0
43.153.73.200,1,1,0.0,0,1.0,1,0.0,0.2978596404710851,0
43.153.86.78,1,1,0.0,0,1.0,1,0.0,0.2978596404710851,0
43.153.96.79,2,2,0.0,0,1.0,1,0.0,0.2920792017321496,0
43.154.127.188,1,1,0.0,0,1.0,1,0.0,0.2978596404710851,0
43.155.140.157,1,1,0.0,0,1.0,1,0.0,0.2978596404710851,0
43.155.188.157,1,1,0.0,0,1.0,1,0.0,0.2978596404710851,0
43.155.195.141,1,1,0.0,0,1.0,1,0.0,0.2978596404710851,0
43.157.148.38,1,1,0.0,0,1.0,1,0.0,0.2978596404710851,0
43.157.153.236,1,1,0.0,0,1.0,1,0.0,0.2978596404710851,0
43.157.174.69,1,1,0.0,0,1.0,1,0.0,0.2978596404710851,0
43.157.175.122,1,1,1.0,0,1.0,1,0.0,0.13347305958721345,0
43.157.22.109,1,1,0.0,0,1.0,1,0.0,0.2978596404710851,0
43.157.82.252,1,1,0.0,0,1.0,1,0.0,0.2978596404710851,0
43.157.95.131,1,1,0.0,0,1.0,1,0.0,0.2978596404710851,0
43.158.91.71,1,1,0.0,0,1.0,1,0.0,0.2978596404710851,0
43.159.128.237,2,2,0.0,0,1.0,1,0.0,0.2920792017321496,0
43.159.139.164,1,1,0.0,0,1.0,1,0.0,0.2978596404710851,0
43.159.145.149,1,1,0.0,0,1.0,1,0.0,0.2978596404710851,0
43.159.145.153,1,1,0.0,0,1.0,1,0.0,0.2978596404710851,0
43.159.148.221,1,1,0.0,0,1.0,1,0.0,0.2978596404710851,0
43.159.152.4,1,1,1.0,0,1.0,1,0.0,0.13347305958721345,0
43.163.206.70,1,1,0.0,0,1.0,1,0.0,0.2978596404710851,0
43.164.196.57,1,1,0.0,0,1.0,1,0.0,0.2978596404710851,0
43.166.238.12,1,1,0.0,0,1.0,1,0.0,0.2978596404710851,0
43.166.247.155,1,1,0.0,0,1.0,1,0.0,0.2978596404710851,0
43.166.253.94,1,1,0.0,0,1.0,1,0.0,0.2978596404710851,0
43.167.157.80,1,1,0.0,0,1.0,1,0.0,0.2978596404710851,0
43.167.239.66,1,1,0.0,0,1.0,1,0.0,0.2978596404710851,0
43.167.241.46,1,1,0.0,0,1.0,1,0.0,0.2978596404710851,0
43.167.245.18,1,1,0.0,0,1.0,1,0.0,0.2978596404710851,0
44.193.115.232,1,1,0.0,1,1.0,1,0.0,0.2978596404710851,0
44.194.134.53,3,3,0.0,1,1.0,1,0.0,0.282766981490269,0
44.194.139.149,1,1,0.0,1,1.0,1,0.0,0.2978596404710851,0
44.196.118.6,1,1,0.0,1,1.0,1,0.0,0.2978596404710851,0
44.197.76.210,1,1,0.0,1,1.0,1,0.0,0.2978596404710851,0
44.205.192.249,1,1,0.0,1,1.0,1,0.0,0.2978596404710851,0
44.205.74.196,3,3,0.0,1,1.0,1,0.0,0.282766981490269,0
44.206.65.8,2,2,0.0,1,1.0,1,0.0,0.2920792017321496,0
44.206.93.215,1,1,0.0,1,1.0,1,0.0,0.2978596404710851,0
44.207.207.36,1,1,0.0,1,1.0,1,0.0,0.2978596404710851,0
44.207.69.106,1,1,0.0,1,1.0,1,0.0,0.2978596404710851,0
44.208.193.63,1,1,0.0,1,1.0,1,0.0,0.2978596404710851,0
44.208.223.68,3,3,0.0,1,1.0,1,0.0,0.282766981490269,0
44.209.35.147,2,2,0.0,1,1.0,1,0.0,0.2920792017321496,0
44.209.89.189,1,1,0.0,1,1.0,1,0.0,0.2978596404710851,0
44.210.204.255,1,1,0.0,1,1.0,1,0.0,0.2978596404710851,0
44.212.106.171,2,2,0.0,1,1.0,1,0.0,0.2920792017321496,0
44.212.131.50,1,1,0.0,1,1.0,1,0.0,0.2978596404710851,0
44.212.145.46,2,2,0.0,1,1.0,1,0.0,0.2920792017321496,0
44.212.232.231,2,2,0.0,1,1.0,1,0.0,0.2920792017321496,0
44.213.36.21,2,2,0.0,1,1.0,1,0.0,0.2920792017321496,0
44.215.210.112,3,3,0.0,1,1.0,1,0.0,0.282766981490269,0
44.215.231.15,2,2,0.0,1,1.0,1,0.0,0.2920792017321496,0
44.215.61.66,2,2,0.0,1,1.0,1,0.0,0.2920792017321496,0
44.216.172.204,2,2,0.0,1,1.0,1,0.0,0.2920792017321496,0
44.217.177.142,1,1,0.0,1,1.0,1,0.0,0.2978596404710851,0
44.217.255.167,1,1,0.0,1,1.0,1,0.0,0.2978596404710851,0
44.218.170.184,4,4,0.0,1,1.0,1,0.0,0.2637034215537903,0
44.220.149.127,1,1,0.0,1,1.0,1,0.0,0.2978596404710851,0
44.220.2.97,1,1,0.0,1,1.0,1,0.0,0.2978596404710851,0
44.221.105.234,1,1,0.0,1,1.0,1,0.0,0.2978596404710851,0
44.221.180.179,2,2,0.0,1,1.0,1,0.0,0.2920792017321496,0
44.221.227.90,1,1,0.0,1,1.0,1,0.0,0.2978596404710851,0
44.223.115.10,2,2,0.0,1,1.0,1,0.0,0.2920792017321496,0
44.223.116.149,3,3,0.0,1,1.0,1,0.0,0.282766981490269,0
44.223.116.180,1,1,0.0,1,1.0,1,0.0,0.2978596404710851,0
44.223.193.255,2,2,0.0,1,1.0,1,0.0,0.2920792017321496,0
44.223.232.55,1,1,0.0,1,1.0,1,0.0,0.2978596404710851,0
45.118.67.128,3,3,0.0,0,3.0,3,0.0,0.23249568143918747,0
45.156.128.128,1,1,0.0,0,1.0,1,0.0,0.2978596404710851,0
45.249.116.210,90,88,0.022222222222222223,0,90.0,90,0.022222222222222254,-0.059637831628798876,1
47.79.51.101,1,1,0.0,0,1.0,1,0.0,0.2978596404710851,0
47.82.13.225,1,1,0.0,0,1.0,1,0.0,0.2978596404710851,0
47.82.13.248,1,1,1.0,0,1.0,1,0.0,0.13347305958721345,0
49.0.204.125,1,1,0.0,0,1.0,1,0.0,0.2978596404710851,0
49.182.139.202,18,16,0.0,0,6.0,14,0.11111111111111116,0.10859636119172117,0
49.182.209.96,36,36,0.0,0,18.0,31,0.0,0.09150073822472016,0
49.196.227.53,41,40,0.024390243902439025,0,41.0,41,0.024390243902439046,0.00897485589211422,0
49.51.141.76,1,1,0.0,0,1.0,1,0.0,0.2978596404710851,0
49.51.166.228,3,3,0.0,0,1.0,1,0.0,0.282766981490269,0
49.51.204.74,1,1,0.0,0,1.0,1,0.0,0.2978596404710851,0
49.51.245.241,1,1,0.0,0,1.0,1,0.0,0.2978596404710851,0
49.7.227.204,1,1,0.0,0,1.0,1,0.0,0.2978596404710851,0
5.142.220.154,6,2,0.0,0,3.0,3,0.6666666666666667,0.06991226194036426,0
5.187.35.21,2,1,1.0,0,1.0,1,0.5,0.018267076221871514,0
50.16.216.166,2,2,0.0,1,1.0,1,0.0,0.2920792017321496,0
50.16.248.61,2,2,0.0,1,1.0,1,0.0,0.2920792017321496,0
50.16.72.185,1,1,0.0,1,1.0,1,0.0,0.2978596404710851,0
50.17.193.48,1,1,0.0,1,1.0,1,0.0,0.2978596404710851,0
50.19.102.70,1,1,0.0,1,1.0,1,0.0,0.2978596404710851,0
50.19.221.48,1,1,0.0,1,1.0,1,0.0,0.2978596404710851,0
50.19.79.213,1,1,0.0,1,1.0,1,0.0,0.2978596404710851,0
51.38.112.81,1,1,0.0,0,1.0,1,0.0,0.2978596404710851,0
51.44.19.125,7,7,0.0,1,7.0,7,0.0,0.15784459749267354,0
51.77.211.39,1,1,0.0,0,1.0,1,0.0,0.2978596404710851,0
51.83.239.94,6,2,0.0,0,3.0,3,0.6666666666666667,0.06991226194036426,0
51.91.255.78,1,1,0.0,0,1.0,1,0.0,0.2978596404710851,0
52.0.105.244,2,2,0.0,1,1.0,1,0.0,0.2920792017321496,0
52.0.63.151,3,3,0.0,1,1.0,1,0.0,0.282766981490269,0
52.1.106.130,2,2,0.0,1,1.0,1,0.0,0.2920792017321496,0
52.15.183.38,9,1,0.0,0,1.5,3,0.8888888888888888,0.031451338495127046,0
52.167.144.138,1,1,0.0,1,1.0,1,0.0,0.2978596404710851,0
52.167.144.140,2,2,0.0,1,1.0,1,0.0,0.2920792017321496,0
52.167.144.142,1,1,0.0,1,1.0,1,0.0,0.2978596404710851,0
52.167.144.145,1,1,0.0,1,1.0,1,0.0,0.2978596404710851,0
52.167.144.146,1,1,0.0,1,1.0,1,0.0,0.2978596404710851,0
52.167.144.159,1,1,1.0,1,1.0,1,0.0,0.13347305958721345,0
52.167.144.160,1,1,0.0,1,1.0,1,0.0,0.2978596404710851,0
52.167.144.162,2,2,0.5,1,1.0,1,0.0,0.1363400326604542,0
52.167.144.166,4,4,0.0,1,1.3333333333333333,2,0.0,0.24708965239845998,0
52.167.144.167,2,2,0.0,1,1.0,1,0.0,0.2920792017321496,0
52.167.144.169,1,1,0.0,1,1.0,1,0.0,0.2978596404710851,0
52.167.144.170,1,1,0.0,1,1.0,1,0.0,0.2978596404710851,0
52.167.144.171,2,2,0.0,1,1.0,1,0.0,0.2920792017321496,0
52.167.144.172,1,1,0.0,1,1.0,1,0.0,0.2978596404710851,0
52.167.144.179,1,1,1.0,1,1.0,1,0.0,0.13347305958721345,0
52.167.144.187,3,3,0.0,1,1.0,1,0.0,0.282766981490269,0
52.167.144.189,2,2,0.0,1,2.0,2,0.0,0.2536864300418806,0
52.167.144.194,2,2,0.0,1,1.0,1,0.0,0.2920792017321496,0
52.167.144.201,2,2,0.5,1,1.0,1,0.0,0.1363400326604542,0
52.167.144.204,1,1,1.0,1,1.0,1,0.0,0.13347305958721345,0
52.167.144.205,1,1,0.0,1,1.0,1,0.0,0.2978596404710851,0
52.167.144.210,1,1,1.0,1,1.0,1,0.0,0.13347305958721345,0
52.167.144.216,2,2,0.0,1,1.0,1,0.0,0.2920792017321496,0
52.167.144.218,1,1,0.0,1,1.0,1,0.0,0.2978596404710851,0
52.167.144.238,2,2,0.0,1,1.0,1,0.0,0.2920792017321496,0
52.167.144.24,2,2,0.5,1,1.0,1,0.0,0.1363400326604542,0
52.167.144.25,3,3,0.3333333333333333,1,1.0,1,0.0,0.1589959286462822,0
52.2.4.213,1,1,0.0,1,1.0,1,0.0,0.2978596404710851,0
52.2.58.41,3,3,0.0,1,1.0,1,0.0,0.282766981490269,0
52.2.83.227,2,2,0.0,1,1.0,1,0.0,0.2920792017321496,0
52.200.142.199,4,4,0.0,1,1.0,1,0.0,0.2637034215537903,0
52.200.251.20,1,1,0.0,1,1.0,1,0.0,0.2978596404710851,0
52.200.54.136,1,1,0.0,1,1.0,1,0.0,0.2978596404710851,0
52.200.58.199,3,3,0.0,1,1.0,1,0.0,0.282766981490269,0
52.200.93.170,1,1,0.0,1,1.0,1,0.0,0.2978596404710851,0
52.202.233.37,3,3,0.0,1,1.0,1,0.0,0.282766981490269,0
52.203.152.231,2,2,0.0,1,1.0,1,0.0,0.2920792017321496,0
52.203.237.170,2,2,0.0,1,1.0,1,0.0,0.2920792017321496,0
52.203.65.83,1,1,0.0,1,1.0,1,0.0,0.2978596404710851,0
52.203.68.145,1,1,0.0,1,1.0,1,0.0,0.2978596404710851,0
52.204.174.139,1,1,0.0,1,1.0,1,0.0,0.2978596404710851,0
52.204.253.129,2,2,0.0,1,1.0,1,0.0,0.2920792017321496,0
52.204.71.8,2,2,0.0,1,1.0,1,0.0,0.2920792017321496,0
52.204.81.148,1,1,0.0,1,1.0,1,0.0,0.2978596404710851,0
52.205.113.104,3,3,0.0,1,1.0,1,0.0,0.282766981490269,0
52.205.141.124,1,1,0.0,1,1.0,1,0.0,0.2978596404710851,0
52.207.47.227,2,2,0.0,1,1.0,1,0.0,0.2920792017321496,0
52.22.87.224,4,4,0.0,1,1.0,1,0.0,0.2637034215537903,0
52.221.226.63,1,1,0.0,1,1.0,1,0.0,0.2978596404710851,0
52.23.112.144,1,1,0.0,1,1.0,1,0.0,0.2978596404710851,0
52.3.102.51,1,1,0.0,1,1.0,1,0.0,0.2978596404710851,0
52.3.104.214,2,2,0.0,1,1.0,1,0.0,0.2920792017321496,0
52.3.156.186,1,1,0.0,1,1.0,1,0.0,0.2978596404710851,0
52.3.26.180,2,2,0.0,1,1.0,1,0.0,0.2920792017321496,0
52.4.213.199,1,1,0.0,1,1.0,1,0.0,0.2978596404710851,0
52.4.229.9,2,2,0.0,1,1.0,1,0.0,0.2920792017321496,0
52.4.238.8,1,1,0.0,1,1.0,1,0.0,0.2978596404710851,0
52.4.76.156,1,1,0.0,1,1.0,1,0.0,0.2978596404710851,0
52.44.148.203,3,3,0.0,1,1.0,1,0.0,0.282766981490269,0
52.44.174.136,1,1,0.0,1,1.0,1,0.0,0.2978596404710851,0
52.44.229.124,2,2,0.0,1,1.0,1,0.0,0.2920792017321496,0
52.45.29.57,1,1,0.0,1,1.0,1,0.0,0.2978596404710851,0
52.45.77.169,2,2,0.0,1,1.0,1,0.0,0.2920792017321496,0
52.5.232.250,1,1,0.0,1,1.0,1,0.0,0.2978596404710851,0
52.5.242.243,2,2,0.0,1,1.0,1,0.0,0.2920792017321496,0
52.54.157.23,1,1,0.0,1,1.0,1,0.0,0.2978596404710851,0
52.54.95.127,1,1,0.0,1,1.0,1,0.0,0.2978596404710851,0
52.6.232.201,1,1,0.0,1,1.0,1,0.0,0.2978596404710851,0
52.6.5.24,2,2,0.0,1,1.0,1,0.0,0.2920792017321496,0
52.64.245.37,3,1,0.0,0,1.0,1,0.6666666666666667,0.10419661910548406,0
52.7.13.143,3,3,0.0,1,1.5,2,0.0,0.24871522115351596,0
52.7.33.248,1,1,0.0,1,1.0,1,0.0,0.2978596404710851,0
52.70.209.13,1,1,0.0,1,1.0,1,0.0,0.2978596404710851,0
52.71.203.206,2,2,0.0,1,1.0,1,0.0,0.2920792017321496,0
52.71.46.142,1,1,0.0,1,1.0,1,0.0,0.2978596404710851,0
52.73.142.41,1,1,0.0,1,1.0,1,0.0,0.2978596404710851,0
54.144.185.255,3,3,0.0,1,1.0,1,0.0,0.282766981490269,0
54.147.182.90,1,1,0.0,1,1.0,1,0.0,0.2978596404710851,0
54.147.80.137,1,1,0.0,1,1.0,1,0.0,0.2978596404710851,0
54.156.124.2,1,1,0.0,1,1.0,1,0.0,0.2978596404710851,0
54.156.248.117,3,3,0.0,1,1.0,1,0.0,0.282766981490269,0
54.156.55.147,3,3,0.0,1,1.0,1,0.0,0.282766981490269,0
54.157.84.74,6,6,0.0,1,1.2,2,0.0,0.22435400634642483,0
54.157.99.244,2,2,0.0,1,1.0,1,0.0,0.2920792017321496,0
54.159.18.27,1,1,0.0,1,1.0,1,0.0,0.2978596404710851,0
54.162.69.192,1,1,0.0,1,1.0,1,0.0,0.2978596404710851,0
54.163.169.168,3,3,0.0,1,1.0,1,0.0,0.282766981490269,0
54.164.106.236,1,1,0.0,1,1.0,1,0.0,0.2978596404710851,0
54.167.32.123,4,4,0.0,1,1.0,1,0.0,0.2637034215537903,0
54.187.174.169,4,1,0.0,0,1.0,1,0.75,0.08085534805150107,0
54.187.205.235,6,1,0.0,0,1.2,2,0.8333333333333334,0.049183864219511375,0
54.187.216.72,7,1,0.0,0,1.4,3,0.8571428571428572,0.04056205750324704,0
54.197.102.71,5,5,0.0,1,1.0,1,0.0,0.23717042654477638,0
54.197.114.76,1,1,0.0,1,1.0,1,0.0,0.2978596404710851,0
54.197.178.107,1,1,0.0,1,1.0,1,0.0,0.2978596404710851,0
54.197.82.195,1,1,0.0,1,1.0,1,0.0,0.2978596404710851,0
54.198.33.233,2,2,0.0,1,1.0,1,0.0,0.2920792017321496,0
54.204.12.115,1,1,0.0,1,1.0,1,0.0,0.2978596404710851,0
54.204.62.163,3,3,0.0,1,1.0,1,0.0,0.282766981490269,0
54.209.100.30,1,1,0.0,1,1.0,1,0.0,0.2978596404710851,0
54.210.152.179,3,3,0.0,1,1.0,1,0.0,0.282766981490269,0
54.210.155.69,3,3,0.0,1,1.0,1,0.0,0.282766981490269,0
54.218.63.67,1,1,0.0,0,1.0,1,0.0,0.2978596404710851,0
54.221.203.24,1,1,0.0,1,1.0,1,0.0,0.2978596404710851,0
54.225.148.123,1,1,0.0,1,1.0,1,0.0,0.2978596404710851,0
54.225.199.17,2,2,0.0,1,1.0,1,0.0,0.2920792017321496,0
54.225.81.20,2,2,0.0,1,1.0,1,0.0,0.2920792017321496,0
54.235.158.162,2,2,0.0,1,1.0,1,0.0,0.2920792017321496,0
54.235.172.96,3,3,0.0,1,1.0,1,0.0,0.282766981490269,0
54.235.191.179,1,1,0.0,1,1.0,1,0.0,0.2978596404710851,0
54.243.63.52,4,4,0.0,1,2.0,3,0.0,0.2409658235892928,0
54.252.148.76,7,7,0.0,1,7.0,7,0.0,0.15784459749267354,0
54.80.185.200,3,3,0.0,1,1.0,1,0.0,0.282766981490269,0
54.80.73.122,1,1,0.0,1,1.0,1,0.0,0.2978596404710851,0
54.83.180.239,2,2,0.0,1,1.0,1,0.0,0.2920792017321496,0
54.83.23.103,1,1,0.0,1,1.0,1,0.0,0.2978596404710851,0
54.83.240.58,1,1,0.0,1,1.0,1,0.0,0.2978596404710851,0
54.83.56.1,1,1,0.0,1,1.0,1,0.0,0.2978596404710851,0
54.84.102.81,2,2,0.0,1,1.0,1,0.0,0.2920792017321496,0
54.84.147.79,2,2,0.0,1,1.0,1,0.0,0.2920792017321496,0
54.84.161.62,3,3,0.0,1,1.0,1,0.0,0.282766981490269,0
54.84.169.196,1,1,0.0,1,1.0,1,0.0,0.2978596404710851,0
54.84.250.51,1,1,0.0,1,1.0,1,0.0,0.2978596404710851,0
54.85.126.86,1,1,0.0,1,1.0,1,0.0,0.2978596404710851,0
54.85.7.119,5,5,0.0,1,1.0,1,0.0,0.23717042654477638,0
54.87.62.248,1,1,0.0,1,1.0,1,0.0,0.2978596404710851,0
54.88.84.219,3,3,0.0,1,1.0,1,0.0,0.282766981490269,0
54.89.90.224,1,1,0.0,1,1.0,1,0.0,0.2978596404710851,0
54.90.8.255,1,1,0.0,1,1.0,1,0.0,0.2978596404710851,0
54.91.122.193,2,2,0.0,1,1.0,1,0.0,0.2920792017321496,0
54.92.171.106,2,2,0.0,1,1.0,1,0.0,0.2920792017321496,0
57.129.139.103,1,1,0.0,0,1.0,1,0.0,0.2978596404710851,0
57.129.139.60,1,1,0.0,0,1.0,1,0.0,0.2978596404710851,0
57.129.139.88,1,1,0.0,0,1.0,1,0.0,0.2978596404710851,0
57.129.69.7,1,1,0.0,0,1.0,1,0.0,0.2978596404710851,0
57.129.69.77,1,1,0.0,0,1.0,1,0.0,0.2978596404710851,0
57.129.81.152,1,1,0.0,0,1.0,1,0.0,0.2978596404710851,0
57.129.81.224,2,2,0.0,0,1.0,1,0.0,0.2920792017321496,0
57.129.81.225,1,1,0.0,0,1.0,1,0.0,0.2978596404710851,0
57.129.81.227,1,1,0.0,0,1.0,1,0.0,0.2978596404710851,0
57.141.2.1,4,4,0.0,1,1.0,1,0.0,0.2637034215537903,0
57.141.2.11,2,2,0.0,1,1.0,1,0.0,0.2920792017321496,0
57.141.2.12,1,1,0.0,1,1.0,1,0.0,0.2978596404710851,0
57.141.2.13,2,2,0.0,1,1.0,1,0.0,0.2920792017321496,0
57.141.2.14,1,1,0.0,1,1.0,1,0.0,0.2978596404710851,0
57.141.2.16,2,2,0.0,1,1.0,1,0.0,0.2920792017321496,0
57.141.2.19,2,2,0.0,1,1.0,1,0.0,0.2920792017321496,0
57.141.2.2,1,1,0.0,1,1.0,1,0.0,0.2978596404710851,0
57.141.2.20,1,1,0.0,1,1.0,1,0.0,0.2978596404710851,0
57.141.2.21,3,3,0.0,1,1.0,1,0.0,0.282766981490269,0
57.141.2.22,1,1,0.0,1,1.0,1,0.0,0.2978596404710851,0
57.141.2.23,1,1,0.0,1,1.0,1,0.0,0.2978596404710851,0
57.141.2.24,1,1,0.0,1,1.0,1,0.0,0.2978596404710851,0
57.141.2.25,2,2,0.0,1,1.0,1,0.0,0.2920792017321496,0
57.141.2.26,1,1,0.0,1,1.0,1,0.0,0.2978596404710851,0
57.141.2.28,2,2,0.0,1,1.0,1,0.0,0.2920792017321496,0
57.141.2.29,2,2,0.0,1,1.0,1,0.0,0.2920792017321496,0
57.141.2.3,2,2,0.0,1,1.0,1,0.0,0.2920792017321496,0
57.141.2.30,2,2,0.0,1,1.0,1,0.0,0.2920792017321496,0
57.141.2.32,1,1,0.0,1,1.0,1,0.0,0.2978596404710851,0
57.141.2.33,1,1,0.0,1,1.0,1,0.0,0.2978596404710851,0
57.141.2.34,3,3,0.0,1,1.0,1,0.0,0.282766981490269,0
57.141.2.36,2,2,0.0,1,1.0,1,0.0,0.2920792017321496,0
57.141.2.38,1,1,0.0,1,1.0,1,0.0,0.2978596404710851,0
57.141.2.4,1,1,0.0,1,1.0,1,0.0,0.2978596404710851,0
57.141.2.57,1,1,0.0,1,1.0,1,0.0,0.2978596404710851,0
57.141.2.58,2,2,0.0,1,1.0,1,0.0,0.2920792017321496,0
57.141.2.6,4,4,0.0,1,1.0,1,0.0,0.2637034215537903,0
57.141.2.60,2,2,0.0,1,1.0,1,0.0,0.2920792017321496,0
57.141.2.63,2,2,0.0,1,1.0,1,0.0,0.2920792017321496,0
57.141.2.66,3,3,0.0,1,1.0,1,0.0,0.282766981490269,0
57.141.2.68,4,4,0.0,1,1.0,1,0.0,0.2637034215537903,0
57.141.2.69,2,2,0.0,1,1.0,1,0.0,0.2920792017321496,0
57.141.2.7,1,1,0.0,1,1.0,1,0.0,0.2978596404710851,0
57.141.2.70,1,1,0.0,1,1.0,1,0.0,0.2978596404710851,0
57.141.2.72,1,1,0.0,1,1.0,1,0.0,0.2978596404710851,0
57.141.2.75,1,1,0.0,1,1.0,1,0.0,0.2978596404710851,0
57.141.2.77,3,3,0.0,1,1.0,1,0.0,0.282766981490269,0
57.141.2.78,2,2,0.0,1,1.0,1,0.0,0.2920792017321496,0
57.141.2.8,3,3,0.0,1,1.0,1,0.0,0.282766981490269,0
57.141.2.81,2,2,0.0,1,2.0,2,0.0,0.2536864300418806,0
57.141.2.85,3,3,0.0,1,1.0,1,0.0,0.282766981490269,0
57.141.2.86,3,3,0.0,1,1.0,1,0.0,0.282766981490269,0
57.141.2.88,1,1,0.0,1,1.0,1,0.0,0.2978596404710851,0
57.141.2.89,1,1,0.0,1,1.0,1,0.0,0.2978596404710851,0
57.141.2.9,2,2,0.0,1,1.0,1,0.0,0.2920792017321496,0
57.141.2.90,2,2,0.0,1,1.0,1,0.0,0.2920792017321496,0
57.141.2.92,2,2,0.0,1,1.0,1,0.0,0.2920792017321496,0
57.141.2.93,1,1,0.0,1,1.0,1,0.0,0.2978596404710851,0
57.141.2.94,2,2,0.0,1,1.0,1,0.0,0.2920792017321496,0
58.107.246.63,36,36,0.0,0,36.0,36,0.0,0.04918045883099764,0
58.161.106.150,41,32,0.0,0,20.5,40,0.2195121951219512,0.03137058055834352,0
58.164.36.231,27,27,0.0,0,27.0,27,0.0,0.07329063405270297,0
60.225.181.204,23,23,0.0,0,23.0,23,0.0,0.1013300330941529,0
61.245.11.87,1,1,1.0,0,1.0,1,0.0,0.13347305958721345,0
62.84.190.236,1,1,1.0,0,1.0,1,0.0,0.13347305958721345,0
64.233.173.132,1,1,1.0,0,1.0,1,0.0,0.13347305958721345,0
65.181.13.61,103,92,0.009708737864077669,0,103.0,103,0.10679611650485432,-0.07053678751322845,1
65.21.31.180,3,1,0.0,1,1.0,1,0.6666666666666667,0.10419661910548406,0
65.49.1.108,4,4,0.75,0,1.0,1,0.0,0.07936935542988877,0
65.49.1.114,1,1,0.0,0,1.0,1,0.0,0.2978596404710851,0
65.49.1.118,1,1,0.0,0,1.0,1,0.0,0.2978596404710851,0
65.49.1.132,1,1,0.0,0,1.0,1,0.0,0.2978596404710851,0
66.132.153.138,4,4,0.0,0,4.0,4,0.0,0.20817451733493403,0
66.220.149.0,1,1,0.0,0,1.0,1,0.0,0.2978596404710851,0
66.220.149.116,1,1,0.0,0,1.0,1,0.0,0.2978596404710851,0
66.220.149.14,1,1,0.0,0,1.0,1,0.0,0.2978596404710851,0
66.220.149.32,1,1,0.0,0,1.0,1,0.0,0.2978596404710851,0
66.220.149.33,1,1,0.0,0,1.0,1,0.0,0.2978596404710851,0
66.220.149.4,1,1,0.0,0,1.0,1,0.0,0.2978596404710851,0
66.220.149.52,1,1,0.0,0,1.0,1,0.0,0.2978596404710851,0
66.220.149.7,2,2,0.0,0,1.0,1,0.0,0.2920792017321496,0
67.227.37.110,2,2,0.5,0,2.0,2,0.0,0.10633291515294052,0
69.171.230.1,1,1,0.0,0,1.0,1,0.0,0.2978596404710851,0
69.171.230.10,3,3,0.0,0,1.5,2,0.0,0.24871522115351596,0
69.171.230.112,1,1,0.0,0,1.0,1,0.0,0.2978596404710851,0
69.171.230.113,2,2,0.0,0,2.0,2,0.0,0.2536864300418806,0
69.171.230.115,1,1,0.0,0,1.0,1,0.0,0.2978596404710851,0
69.171.230.116,1,1,0.0,0,1.0,1,0.0,0.2978596404710851,0
69.171.230.13,2,2,0.0,0,1.0,1,0.0,0.2920792017321496,0
69.171.230.14,1,1,0.0,0,1.0,1,0.0,0.2978596404710851,0
69.171.230.15,3,3,0.0,0,1.0,1,0.0,0.282766981490269,0
69.171.230.17,1,1,0.0,0,1.0,1,0.0,0.2978596404710851,0
69.171.230.18,2,2,0.0,0,2.0,2,0.0,0.2536864300418806,0
69.171.230.20,2,2,0.0,0,1.0,1,0.0,0.2920792017321496,0
69.171.230.3,1,1,0.0,0,1.0,1,0.0,0.2978596404710851,0
69.171.230.4,2,2,0.0,0,1.0,1,0.0,0.2920792017321496,0
69.171.230.7,4,3,0.0,0,2.0,3,0.25,0.16188433944625852,0
69.171.230.8,2,2,0.0,0,1.0,1,0.0,0.2920792017321496,0
69.171.230.9,4,3,0.0,0,2.0,2,0.25,0.15999646127375372,0
69.171.231.112,1,1,0.0,1,1.0,1,0.0,0.2978596404710851,0
69.171.231.14,1,1,0.0,1,1.0,1,0.0,0.2978596404710851,0
69.171.231.19,2,2,0.0,0,1.0,1,0.0,0.2920792017321496,0
69.171.231.22,2,2,0.0,1,1.0,1,0.0,0.2920792017321496,0
69.171.231.25,1,1,0.0,0,1.0,1,0.0,0.2978596404710851,0
69.171.231.26,1,1,0.0,1,1.0,1,0.0,0.2978596404710851,0
69.171.231.27,1,1,0.0,0,1.0,1,0.0,0.2978596404710851,0
69.171.231.4,1,1,0.0,0,1.0,1,0.0,0.2978596404710851,0
69.171.231.6,1,1,0.0,1,1.0,1,0.0,0.2978596404710851,0
69.171.231.7,18,18,0.0,1,18.0,18,0.0,0.12186915669126253,0
69.171.234.11,83,82,0.0,1,41.5,82,0.012048192771084376,0.008385735036931408,0
69.171.234.16,2,2,0.0,0,1.0,1,0.0,0.2920792017321496,0
69.171.234.18,1,1,0.0,0,1.0,1,0.0,0.2978596404710851,0
69.171.234.19,1,1,0.0,0,1.0,1,0.0,0.2978596404710851,0
69.171.234.2,4,4,0.0,0,1.0,1,0.0,0.2637034215537903,0
69.171.234.24,20,20,0.0,1,6.666666666666667,18,0.0,0.13335581293917065,0
69.171.234.25,2,2,0.0,0,1.0,1,0.0,0.2920792017321496,0
69.171.234.28,1,1,0.0,0,1.0,1,0.0,0.2978596404710851,0
69.171.234.3,1,1,0.0,0,1.0,1,0.0,0.2978596404710851,0
69.171.234.30,1,1,0.0,0,1.0,1,0.0,0.2978596404710851,0
69.171.234.34,2,2,0.0,0,1.0,1,0.0,0.2920792017321496,0
69.171.234.35,1,1,0.0,0,1.0,1,0.0,0.2978596404710851,0
69.171.234.36,1,1,0.0,0,1.0,1,0.0,0.2978596404710851,0
69.171.234.37,1,1,0.0,0,1.0,1,0.0,0.2978596404710851,0
69.171.234.4,1,1,0.0,0,1.0,1,0.0,0.2978596404710851,0
69.171.234.41,1,1,0.0,0,1.0,1,0.0,0.2978596404710851,0
69.171.234.44,1,1,0.0,0,1.0,1,0.0,0.2978596404710851,0
69.171.234.48,1,1,0.0,0,1.0,1,0.0,0.2978596404710851,0
69.171.234.5,3,3,0.0,0,1.0,1,0.0,0.282766981490269,0
69.171.234.55,1,1,0.0,0,1.0,1,0.0,0.2978596404710851,0
69.171.234.58,1,1,0.0,0,1.0,1,0.0,0.2978596404710851,0
69.171.234.59,2,2,0.0,0,2.0,2,0.0,0.2536864300418806,0
69.171.234.6,1,1,0.0,0,1.0,1,0.0,0.2978596404710851,0
69.171.234.60,1,1,0.0,0,1.0,1,0.0,0.2978596404710851,0
69.171.234.8,1,1,0.0,0,1.0,1,0.0,0.2978596404710851,0
69.171.234.9,3,3,0.0,0,1.0,1,0.0,0.282766981490269,0
69.171.249.10,1,1,0.0,0,1.0,1,0.0,0.2978596404710851,0
69.171.249.113,1,1,0.0,0,1.0,1,0.0,0.2978596404710851,0
69.171.249.118,1,1,0.0,0,1.0,1,0.0,0.2978596404710851,0
69.171.249.9,2,2,0.0,0,1.0,1,0.0,0.2920792017321496,0
69.63.184.1,30,30,0.0,1,30.0,30,0.0,0.06837737503824082,0
69.63.184.10,1,1,0.0,0,1.0,1,0.0,0.2978596404710851,0
69.63.184.112,19,19,0.0,1,19.0,19,0.0,0.11688978384354015,0
69.63.184.113,1,1,0.0,1,1.0,1,0.0,0.2978596404710851,0
69.63.184.116,97,97,0.0,1,48.5,49,0.0,-0.008605000531872076,1
69.63.184.3,1,1,0.0,1,1.0,1,0.0,0.2978596404710851,0
69.63.184.4,2,2,0.0,1,1.0,1,0.0,0.2920792017321496,0
69.63.184.7,110,110,0.0,1,110.0,110,0.0,-0.07565146929217914,1
69.63.184.8,1,1,0.0,0,1.0,1,0.0,0.2978596404710851,0
69.63.189.115,1,1,0.0,0,1.0,1,0.0,0.2978596404710851,0
69.63.189.20,1,1,0.0,0,1.0,1,0.0,0.2978596404710851,0
69.63.189.4,5,5,0.0,1,5.0,5,0.0,0.18628820161344828,0
69.63.189.41,14,14,0.0,1,7.0,13,0.0,0.14273388344223437,0
69.63.189.51,1,1,1.0,0,1.0,1,0.0,0.13347305958721345,0
71.6.134.232,1,1,0.0,0,1.0,1,0.0,0.2978596404710851,0
74.7.175.151,1,1,0.0,1,1.0,1,0.0,0.2978596404710851,0
74.7.175.190,1,1,0.0,1,1.0,1,0.0,0.2978596404710851,0
74.7.230.4,1,1,0.0,1,1.0,1,0.0,0.2978596404710851,0
74.7.230.59,1,1,0.0,1,1.0,1,0.0,0.2978596404710851,0
74.7.242.8,43,43,0.0,1,21.5,38,0.0,0.05773100100385742,0
79.127.155.202,77,73,0.0,0,19.25,69,0.051948051948051965,0.03426079545653793,0
84.54.44.19,18,3,0.0,0,4.5,6,0.8333333333333334,0.005166303109555792,0
85.133.250.80,1,1,1.0,0,1.0,1,0.0,0.13347305958721345,0
85.208.84.59,2,2,1.0,0,1.0,1,0.0,0.10206700058874185,0
89.40.222.252,2,2,0.5,0,2.0,2,0.0,0.10633291515294052,0
89.45.125.236,2,2,0.5,0,2.0,2,0.0,0.10633291515294052,0
92.119.177.24,1,1,0.0,0,1.0,1,0.0,0.2978596404710851,0
95.217.109.26,7,7,0.8571428571428571,1,7.0,7,0.0,-0.010977458113168304,1
98.82.38.120,2,2,0.0,1,1.0,1,0.0,0.2920792017321496,0
98.82.39.241,1,1,0.0,1,1.0,1,0.0,0.2978596404710851,0
98.82.40.168,6,6,0.0,1,1.0,1,0.0,0.22804880590043602,0
98.82.59.253,1,1,0.0,1,1.0,1,0.0,0.2978596404710851,0
98.82.63.147,4,4,0.0,1,1.0,1,0.0,0.2637034215537903,0
98.82.66.172,1,1,0.0,1,1.0,1,0.0,0.2978596404710851,0
98.83.10.183,2,2,0.0,1,1.0,1,0.0,0.2920792017321496,0
98.83.177.42,4,4,0.0,1,1.3333333333333333,2,0.0,0.24708965239845998,0
98.83.226.125,4,4,0.0,1,1.0,1,0.0,0.2637034215537903,0
98.83.8.142,1,1,0.0,1,1.0,1,0.0,0.2978596404710851,0
98.84.184.80,3,3,0.0,1,1.0,1,0.0,0.282766981490269,0
98.84.200.43,3,3,0.0,1,1.0,1,0.0,0.282766981490269,0
98.84.70.201,3,3,0.0,1,1.0,1,0.0,0.282766981490269,0
